Scenario,Shock(%),FinalValue
1,-10,2.88396e-06
2,-20,3.55108e-19
3,-30,1.59352e-33
4,5,1.78446e+11
5,-5,3.27854
6,15,2.56003e+21
7,-25,3.46187e-26
8,10,2.13471e+16
