scenario,n_sim,mean,sd,worst,best,VaR95,CVaR95
"Baseline",500000,0.0449566279027,0.0998465458187,-0.424016791745,0.534878847334,-0.1194151719,-0.160856683243
"Rate-Hike+200bp",500000,0.0293285859176,0.100109508033,-0.419690287082,0.505792416642,-0.135418784101,-0.177497371351
"Market-Crash-30pct",500000,0.03160378191,0.0699223377028,-0.297586716755,0.382027118163,-0.0831950768136,-0.112635184927
"Rate+Crash",500000,0.0205390921392,0.0699293916805,-0.325518107275,0.398386973744,-0.0944028754174,-0.123555984492
